"","name","longitude","latitude","prov","date","key"
"1","Asclepias angustifolia Schweig.",-110.360253,31.467914,"gbif",2021-01-08,"3031894340"
"2","Asclepias angustifolia Schweig.",-101.894341,20.632724,"gbif",2021-01-24,"3032037748"
"3","Asclepias angustifolia Schweig.",-103.76648,19.864412,"gbif",2021-03-14,"3061741266"
"4","Asclepias angustifolia Schweig.",-111.19569,31.414838,"gbif",2021-04-14,"3097097383"
"5","Asclepias angustifolia Schweig.",-111.19561,31.416115,"gbif",2021-04-14,"3097195454"
"6","Asclepias angustifolia Schweig.",-99.262099,19.774136,"gbif",2021-05-03,"3112405959"
"7","Asclepias angustifolia Schweig.",-99.212035,19.775907,"gbif",2021-05-03,"3112431224"
"8","Asclepias angustifolia Schweig.",-110.866041,32.235169,"gbif",2021-05-03,"3112762983"
"9","Asclepias angustifolia Schweig.",-101.666297,20.543492,"gbif",2021-05-09,"3113258242"
"10","Asclepias angustifolia Schweig.",-100.322207,25.70403,"gbif",2021-05-08,"3113291246"
"11","Asclepias angustifolia Schweig.",-99.20946,19.776068,"gbif",2021-05-03,"3113316610"
"12","Asclepias angustifolia Schweig.",-99.262366,19.775561,"gbif",2021-05-03,"3113439566"
"13","Asclepias angustifolia Schweig.",-99.262154,19.774306,"gbif",2021-05-03,"3113576563"
"14","Asclepias angustifolia Schweig.",-102.166204,19.863416,"gbif",2021-05-08,"3302359155"
"15","Asclepias angustifolia Schweig.",-110.954497,32.228817,"gbif",2021-05-07,"3407909429"
"16","Asclepias angustifolia Schweig.",-110.317303,31.491764,"gbif",2021-05-19,"3407975438"
"17","Asclepias angustifolia Schweig.",-110.368379,31.45778,"gbif",2021-06-16,"3307355991"
"18","Asclepias angustifolia Schweig.",-99.219566,23.56055,"gbif",2021-06-24,"3321157596"
"19","Asclepias angustifolia Schweig.",-99.998458,25.08128,"gbif",2021-07-09,"3327831776"
"20","Asclepias angustifolia Schweig.",-110.890646,32.201701,"gbif",2021-07-12,"3328035126"
"21","Asclepias angustifolia Schweig.",-97.580294,16.846323,"gbif",2021-07-18,"3330437986"
"22","Asclepias angustifolia Schweig.",-110.360931,31.467586,"gbif",2021-07-27,"3333046270"
"23","Asclepias angustifolia Schweig.",-110.351746,31.47233,"gbif",2021-07-23,"3333396791"
"24","Asclepias angustifolia Schweig.",-110.352872,31.4723,"gbif",2021-08-07,"3337747031"
"25","Asclepias angustifolia Schweig.",-100.989976,25.33126,"gbif",2021-09-05,"3383897287"
"26","Asclepias angustifolia Schweig.",-111.037819,32.312972,"gbif",2021-09-16,"3408184566"
"27","Asclepias angustifolia Schweig.",-111.167557,32.243374,"gbif",2021-10-07,"3385170644"
"28","Asclepias angustifolia Schweig.",-101.730103,20.581347,"gbif",2020-03-11,"2579221496"
"29","Asclepias angustifolia Schweig.",-100.381743,22.101225,"gbif",2020-05-02,"2626346012"
"30","Asclepias angustifolia Schweig.",-110.51982,32.08116,"gbif",2020-05-14,"2626663689"
"31","Asclepias angustifolia Schweig.",-100.360268,25.618229,"gbif",2020-05-15,"2641589415"
"32","Asclepias angustifolia Schweig.",-100.532207,22.115478,"gbif",2020-05-02,"3008403384"
"33","Asclepias angustifolia Schweig.",-110.365944,31.458926,"gbif",2020-06-19,"2802999062"
"34","Asclepias angustifolia Schweig.",-100.153946,25.319481,"gbif",2020-06-26,"2814402207"
"35","Asclepias angustifolia Schweig.",-100.588293,22.023374,"gbif",2020-07-11,"2823122054"
"36","Asclepias angustifolia Schweig.",-100.334486,25.594531,"gbif",2020-07-23,"2823196613"
"37","Asclepias angustifolia Schweig.",-101.701404,20.610028,"gbif",2020-07-19,"2823200388"
"38","Asclepias angustifolia Schweig.",-110.332109,31.484983,"gbif",2020-07-27,"2856739186"
"39","Asclepias angustifolia Schweig.",-110.332061,31.484968,"gbif",2020-07-27,"2856752221"
"40","Asclepias angustifolia Schweig.",-104.034244,24.795381,"gbif",2020-07-29,"3058991105"
"41","Asclepias angustifolia Schweig.",-100.359859,25.618334,"gbif",2020-08-31,"2901787502"
"42","Asclepias angustifolia Schweig.",-100.212491,25.375449,"gbif",2020-08-11,"3090570796"
"43","Asclepias angustifolia Schweig.",-100.579827,22.028478,"gbif",2020-08-16,"3302331619"
"44","Asclepias angustifolia Schweig.",-99.262393,23.620533,"gbif",2020-09-16,"2864682833"
"45","Asclepias angustifolia Schweig.",-100.34368,25.603245,"gbif",2020-09-16,"2873938248"
"46","Asclepias angustifolia Schweig.",-89.57097,14.34769,"gbif",2020-09-22,"2985430472"
"47","Asclepias angustifolia Schweig.",-100.340462,25.60323,"gbif",2019-04-26,"2238822713"
"48","Asclepias angustifolia Schweig.",-97.580534,16.846891,"gbif",2019-04-18,"3039347552"
"49","Asclepias angustifolia Schweig.",-110.180231,29.100963,"gbif",2019-05-23,"2252052213"
"50","Asclepias angustifolia Schweig.",-110.361951,31.463135,"gbif",2019-05-29,"2850870240"
"51","Asclepias angustifolia Schweig.",-103.751098,20.184869,"gbif",2019-05-25,"3384109970"
"52","Asclepias angustifolia Schweig.",-100.352198,25.605123,"gbif",2019-06-02,"2252073584"
"53","Asclepias angustifolia Schweig.",-100.362989,25.614664,"gbif",2019-06-01,"2265809681"
"54","Asclepias angustifolia Schweig.",-100.363122,25.614681,"gbif",2019-06-01,"2269254849"
"55","Asclepias angustifolia Schweig.",-100.359917,25.618813,"gbif",2019-07-06,"2294441834"
"56","Asclepias angustifolia Schweig.",-100.144532,25.302587,"gbif",2019-07-10,"2294552721"
"57","Asclepias angustifolia Schweig.",-103.041832,19.893261,"gbif",2019-07-26,"2350322676"
"58","Asclepias angustifolia Schweig.",-103.040131,20.093973,"gbif",2019-07-25,"2465117115"
"59","Asclepias angustifolia Schweig.",-100.591628,25.868057,"gbif",2019-07-13,"2883124347"
"60","Asclepias angustifolia Schweig.",-100.928818,25.357003,"gbif",2019-08-07,"2331959635"
"61","Asclepias angustifolia Schweig.",-111.194551,31.418442,"gbif",2019-08-07,"2331967483"
"62","Asclepias angustifolia Schweig.",-111.193268,31.420241,"gbif",2019-08-07,"2331969102"
"63","Asclepias angustifolia Schweig.",-110.384178,29.841074,"gbif",2019-08-06,"3070578733"
"64","Asclepias angustifolia Schweig.",-100.359642,25.612928,"gbif",2019-09-15,"2423109806"
"65","Asclepias angustifolia Schweig.",-99.994693,25.09948,"gbif",2019-09-26,"2429378847"
"66","Asclepias angustifolia Schweig.",-99.99437,25.099578,"gbif",2019-09-26,"2429410069"
"67","Asclepias angustifolia Schweig.",-101.708893,20.524317,"gbif",2019-12-13,"3070476762"
"68","Asclepias angustifolia Schweig.",-101.547669,21.321103,"gbif",2018-01-02,"1802767638"
"69","Asclepias angustifolia Schweig.",-105.82955,23.56591,"gbif",2018-01-10,"1807297323"
"70","Asclepias angustifolia Schweig.",-101.098601,19.582326,"gbif",2018-03-30,"1880455079"
"71","Asclepias angustifolia Schweig.",-100.270419,25.549862,"gbif",2018-05-11,"1847500203"
"72","Asclepias angustifolia Schweig.",-100.130089,25.288385,"gbif",2018-05-19,"1880598062"
"73","Asclepias angustifolia Schweig.",-100.137722,25.298233,"gbif",2018-05-19,"1880599383"
"74","Asclepias angustifolia Schweig.",-105.845557,23.571378,"gbif",2018-05-05,"1890085022"
"75","Asclepias angustifolia Schweig.",-98.853979,20.150091,"gbif",2018-05-01,"1913668907"
"76","Asclepias angustifolia Schweig.",-100.144983,25.304063,"gbif",2018-06-03,"1880599949"
"77","Asclepias angustifolia Schweig.",-100.144814,25.303989,"gbif",2018-06-03,"1880621275"
"78","Asclepias angustifolia Schweig.",-100.341522,25.606013,"gbif",2018-07-10,"1883497817"
"79","Asclepias angustifolia Schweig.",-100.360039,25.618177,"gbif",2018-07-19,"1883949715"
"80","Asclepias angustifolia Schweig.",-100.97182,25.361668,"gbif",2018-07-27,"1890051205"
"81","Asclepias angustifolia Schweig.",-109.998345,31.930258,"gbif",2018-07-29,"1890075523"
"82","Asclepias angustifolia Schweig.",-100.365,25.614838,"gbif",2018-07-28,"1890078046"
"83","Asclepias angustifolia Schweig.",-100.329688,25.602167,"gbif",2018-08-02,"1890688939"
"84","Asclepias angustifolia Schweig.",-100.3302,25.593775,"gbif",2018-08-09,"1891313579"
"85","Asclepias angustifolia Schweig.",-100.163845,25.330337,"gbif",2018-08-04,"1891328199"
"86","Asclepias angustifolia Schweig.",-100.36013,25.618227,"gbif",2018-10-02,"1932315113"
"87","Asclepias angustifolia Schweig.",-100.360241,25.618744,"gbif",2018-10-02,"3090836447"
"88","Asclepias angustifolia Schweig.",-100.374553,25.622194,"gbif",2017-04-09,"3415535824"
"89","Asclepias angustifolia Schweig.",-110.733521,32.355354,"gbif",2017-05-01,"1500351370"
"90","Asclepias angustifolia Schweig.",-110.731046,32.355966,"gbif",2017-05-01,"1500351376"
"91","Asclepias angustifolia Schweig.",-110.752616,32.347294,"gbif",2017-05-02,"1500351406"
"92","Asclepias angustifolia Schweig.",-110.35267,31.472117,"gbif",2017-05-19,"1571183821"
"93","Asclepias angustifolia Schweig.",-111.996418,33.383519,"gbif",2017-06-11,"2270494852"
"94","Asclepias angustifolia Schweig.",-111.996418,33.383519,"gbif",2017-06-11,"2572936576"
"95","Asclepias angustifolia Schweig.",-99.281527,23.765905,"gbif",2017-07-17,"1580516637"
"96","Asclepias angustifolia Schweig.",-100.92878,25.35695,"gbif",2017-08-28,"1640068001"
"97","Asclepias angustifolia Schweig.",-110.876422,31.715011,"gbif",2017-08-25,"1677304091"
"98","Asclepias angustifolia Schweig.",-99.890427,24.725795,"gbif",2017-10-01,"1677320905"
"99","Asclepias angustifolia Schweig.",-105.838965,23.562672,"gbif",2017-11-08,"1880637791"
"100","Asclepias angustifolia Schweig.",-100.360263,25.618763,"gbif",2017-12-22,"1802740164"
"101","Asclepias angustifolia Schweig.",-100.145118,20.188597,"gbif",2016-03-27,"1802606273"
"102","Asclepias angustifolia Schweig.",-110.47873,32.162462,"gbif",2016-05-27,"1291078241"
"103","Asclepias angustifolia Schweig.",-100.270744,25.547058,"gbif",2016-06-09,"1453231682"
"104","Asclepias angustifolia Schweig.",-100.270813,25.547678,"gbif",2016-06-28,"1453236880"
"105","Asclepias angustifolia Schweig.",-100.947018,22.027728,"gbif",2016-06-15,"3067682327"
"106","Asclepias angustifolia Schweig.",-110.367944,31.4585829991596,"gbif",2016-06-11,"3091297464"
"107","Asclepias angustifolia Schweig.",-101.036797,21.993272,"gbif",2016-07-22,"3067604335"
"108","Asclepias angustifolia Schweig.",-111.194268,31.421247,"gbif",2016-08-20,"1453220983"
"109","Asclepias angustifolia Schweig.",-99.907043,24.718953,"gbif",2016-08-19,"1500219233"
"110","Asclepias angustifolia Schweig.",-100.492676,25.864417,"gbif",2016-10-02,"3384522476"
"111","Asclepias angustifolia Schweig.",-100.505404,20.147771,"gbif",2015-04-07,"2610949911"
"112","Asclepias angustifolia Schweig.",-99.208968,23.609728,"gbif",2015-05-30,"1802601861"
"113","Asclepias angustifolia Schweig.",-111.194901,31.417494,"gbif",2015-06-12,"1291064744"
"114","Asclepias angustifolia Schweig.",-100.35502,25.611969,"gbif",2015-06-10,"1802601491"
"115","Asclepias angustifolia Schweig.",-104.7,20.54042,"gbif",2015-07-01,"3308714853"
"116","Asclepias angustifolia Schweig.",-100.534778,21.991639,"gbif",2015-09-29,"2572935819"
"117","Asclepias angustifolia Schweig.",-100.359989,25.617968,"gbif",2014-02-01,"1802615409"
"118","Asclepias angustifolia Schweig.",-97.566667,16.866667,"gbif",2012-05-11,"2268862327"
"119","Asclepias angustifolia Schweig.",-99.75,18.88333,"gbif",2011-04-17,"3308152084"
"120","Asclepias angustifolia Schweig.",-104.580488,20.368084,"gbif",2011-05-21,"1580483276"
"121","Asclepias angustifolia Schweig.",-110.36,30.37,"gbif",2011-05-02,"1836634354"
"122","Asclepias angustifolia Schweig.",-110.35925,30.373333,"gbif",2011-05-02,"1895930418"
"123","Asclepias angustifolia Schweig.",-110.350222,30.327361,"gbif",2011-05-02,"1895930447"
"124","Asclepias angustifolia Schweig.",-110.35926,30.37334,"gbif",2011-05-02,"2269024109"
"125","Asclepias angustifolia Schweig.",-110.35728,30.37071,"gbif",2011-05-02,"2269024485"
"126","Asclepias angustifolia Schweig.",-108.976694,29.843653,"gbif",2011-08-01,"2270555265"
"127","Asclepias angustifolia Schweig.",-102.9225,20.846667,"gbif",2008-05-24,"2629603955"
"128","Asclepias angustifolia Schweig.",-108.79111,28.30833,"gbif",2008-05-14,"2814937409"
"129","Asclepias angustifolia Schweig.",-94.8329,16.66381,"gbif",2007-01-17,"3308172605"
"130","Asclepias angustifolia Schweig.",-102.772778,21.560556,"gbif",2006-03-11,"1897381966"
"131","Asclepias angustifolia Schweig.",-96.93017,16.63667,"gbif",2006-06-16,"3308709185"
"132","Asclepias angustifolia Schweig.",-111.17,31.395,"gbif",2005-05-20,"2270477573"
"133","Asclepias angustifolia Schweig.",-111.170451368201,31.3950903017867,"gbif",2005-05-20,"3091207393"
"134","Asclepias angustifolia Schweig.",-110.228611,30.309639,"gbif",2005-07-01,"1895930368"
"135","Asclepias angustifolia Schweig.",-101.548889,21.324167,"gbif",2005-08-11,"1897381993"
"136","Asclepias angustifolia Schweig.",-100.039444,25.226944,"gbif",2004-06-26,"1894422068"
"137","Asclepias angustifolia Schweig.",-100.004667,20.393,"gbif",2003-05-08,"2629439771"
"138","Asclepias angustifolia Schweig.",-102.282,22.653,"gbif",2002-09-26,"93823649"
"139","Asclepias angustifolia Schweig.",-102.281667,22.652778,"gbif",2002-09-26,"218941685"
"140","Asclepias angustifolia Schweig.",-103.497222,21.092778,"gbif",2002-09-21,"1897381994"
"141","Asclepias angustifolia Schweig.",-102.26944,22.65278,"gbif",2002-09-26,"3308034446"
"142","Asclepias angustifolia Schweig.",-100.158333,20.288611,"gbif",2001-04-16,"2629410429"
"143","Asclepias angustifolia Schweig.",-103.763889,20.055556,"gbif",2001-07-15,"1895939306"
"144","Asclepias angustifolia Schweig.",-102.018889,21.602778,"gbif",2001-08-03,"1895939257"
"145","Asclepias angustifolia Schweig.",-110.358333,30.375,"gbif",2000-05-05,"1895930455"
"146","Asclepias angustifolia Schweig.",-99.647778,18.629444,"gbif",2000-11-18,"1895939421"
"147","Asclepias angustifolia Schweig.",-107.571667,27.143333,"gbif",1999-08-20,"3306063720"
"148","Asclepias angustifolia Schweig.",-99.470962,21.155094,"gbif",1999-10-11,"1893617547"
"149","Asclepias angustifolia Schweig.",-100.143333,20.186667,"gbif",1998-03-20,"1893617630"
"150","Asclepias angustifolia Schweig.",-109.322,28.5556,"gbif",1998-05-24,"2270476534"
"151","Asclepias angustifolia Schweig.",-109.25722,28.43056,"gbif",1998-05-24,"3125103453"
"152","Asclepias angustifolia Schweig.",-103.241111,20.623611,"gbif",1998-06-12,"1895939226"
"153","Asclepias angustifolia Schweig.",-108.75,28.3,"gbif",1998-08-17,"93824270"
"154","Asclepias angustifolia Schweig.",-108.75,28.3,"gbif",1998-08-17,"218941929"
"155","Asclepias angustifolia Schweig.",-108.758333,28.308333,"gbif",1998-08-17,"1894816415"
"156","Asclepias angustifolia Schweig.",-100.373333,21.342667,"gbif",1998-08-07,"2629430310"
"157","Asclepias angustifolia Schweig.",-108.75,28.3,"gbif",1998-08-17,"3308541864"
"158","Asclepias angustifolia Schweig.",-99.288,17.589,"gbif",1997-03-15,"93823222"
"159","Asclepias angustifolia Schweig.",-99.288333,17.589444,"gbif",1997-03-15,"218941899"
"160","Asclepias angustifolia Schweig.",-99.28833,17.58944,"gbif",1997-03-15,"3308548116"
"161","Asclepias angustifolia Schweig.",-104.369444,19.770833,"gbif",1997-04-23,"1893617561"
"162","Asclepias angustifolia Schweig.",-108.224508,30.280222,"gbif",1997-07-09,"1895496326"
"163","Asclepias angustifolia Schweig.",-109.025,28.463889,"gbif",1997-07-13,"1895496347"
"164","Asclepias angustifolia Schweig.",-108.217026129403,28.1668828810424,"gbif",1997-07-15,"1895496388"
"165","Asclepias angustifolia Schweig.",-109.025,28.46389,"gbif",1997-07-13,"2807549370"
"166","Asclepias angustifolia Schweig.",-103.909,21.85,"gbif",1997-07-18,"3308763972"
"167","Asclepias angustifolia Schweig.",-103.909,21.85,"gbif",1997-07-18,"3308763973"
"168","Asclepias angustifolia Schweig.",-109.025,28.463889,"gbif",1997-07-13,"3323585396"
"169","Asclepias angustifolia Schweig.",-100.283333,21.318889,"gbif",1997-10-23,"2629426380"
"170","Asclepias angustifolia Schweig.",-100.686389,21.668064,"gbif",1997-10-09,"2629431967"
"171","Asclepias angustifolia Schweig.",-108.61667,28.40194,"gbif",1997-11-22,"3125240462"
"172","Asclepias angustifolia Schweig.",-103.241111,20.623611,"gbif",1996-03-05,"2629515773"
"173","Asclepias angustifolia Schweig.",-108.541,28.443,"gbif",1996-05-28,"93824267"
"174","Asclepias angustifolia Schweig.",-108.540833,28.443056,"gbif",1996-05-28,"218941928"
"175","Asclepias angustifolia Schweig.",-108.934444,28.379444,"gbif",1996-05-28,"1893617584"
"176","Asclepias angustifolia Schweig.",-108.541667,28.441667,"gbif",1996-05-28,"2630603462"
"177","Asclepias angustifolia Schweig.",-108.54306,28.44306,"gbif",1996-05-28,"3308583276"
"178","Asclepias angustifolia Schweig.",-100.416,20.599,"gbif",1996-06-20,"93823157"
"179","Asclepias angustifolia Schweig.",-100.415833,20.598889,"gbif",1996-06-20,"218941921"
"180","Asclepias angustifolia Schweig.",-100.433333,20.533889,"gbif",1996-06-20,"218947696"
"181","Asclepias angustifolia Schweig.",-104.252222,19.585556,"gbif",1996-06-20,"1893970193"
"182","Asclepias angustifolia Schweig.",-100.415555,20.504444,"gbif",1996-06-20,"2629431732"
"183","Asclepias angustifolia Schweig.",-103.918,21.876,"gbif",1996-07-02,"93824003"
"184","Asclepias angustifolia Schweig.",-103.918056,21.875556,"gbif",1996-07-02,"218941873"
"185","Asclepias angustifolia Schweig.",-103.916667,21.916667,"gbif",1996-07-02,"1258713541"
"186","Asclepias angustifolia Schweig.",-103.91806,21.87556,"gbif",1996-07-02,"3307880342"
"187","Asclepias angustifolia Schweig.",-99.473333,21.221667,"gbif",1996-08-18,"1893617555"
"188","Asclepias angustifolia Schweig.",-104.637,20.399,"gbif",1995-03-08,"93823992"
"189","Asclepias angustifolia Schweig.",-104.636667,20.398889,"gbif",1995-03-08,"218941902"
"190","Asclepias angustifolia Schweig.",-104.048333,20.546667,"gbif",1995-03-08,"1893617648"
"191","Asclepias angustifolia Schweig.",-104.636833,20.432472,"gbif",1995-03-08,"1895496310"
"192","Asclepias angustifolia Schweig.",-104.637,20.3991,"gbif",1995-03-08,"2235861236"
"193","Asclepias angustifolia Schweig.",-104.63694,20.4325,"gbif",1995-03-08,"2807631274"
"194","Asclepias angustifolia Schweig.",-104.63667,20.39914,"gbif",1995-03-08,"3307921626"
"195","Asclepias angustifolia Schweig.",-108.45,30.81,"gbif",1995-04-01,"1893529014"
"196","Asclepias angustifolia Schweig.",-108.421667,30.906667,"gbif",1995-04-15,"1893529025"
"197","Asclepias angustifolia Schweig.",-108.38,30.735,"gbif",1995-04-08,"1893529039"
"198","Asclepias angustifolia Schweig.",-108.51,30.836667,"gbif",1995-04-16,"1893529069"
"199","Asclepias angustifolia Schweig.",-108.758333,28.375,"gbif",1995-05-05,"1893589492"
"200","Asclepias angustifolia Schweig.",-108.758333,28.370833,"gbif",1995-05-05,"2630599311"
"201","Asclepias angustifolia Schweig.",-108.913333,28.396944,"gbif",1995-09-07,"1893589478"
"202","Asclepias angustifolia Schweig.",-108.915278,28.395833,"gbif",1995-09-07,"2630599486"
"203","Asclepias angustifolia Schweig.",-100.238,19.99,"gbif",1994-03-09,"93824203"
"204","Asclepias angustifolia Schweig.",-100.237778,19.990278,"gbif",1994-03-09,"218941903"
"205","Asclepias angustifolia Schweig.",-100.231667,20.001667,"gbif",1994-03-09,"1893617566"
"206","Asclepias angustifolia Schweig.",-100.15,19.95,"gbif",1994-03-09,"2629681300"
"207","Asclepias angustifolia Schweig.",-100.23778,19.99028,"gbif",1994-03-09,"3308507067"
"208","Asclepias angustifolia Schweig.",-110.35389,31.47296,"gbif",1994-08-03,"2270517804"
"209","Asclepias angustifolia Schweig.",-99.475278,24.011111,"gbif",1994-09-23,"218941858"
"210","Asclepias angustifolia Schweig.",-98.71,24.9,"gbif",1994-09-21,"1261042619"
"211","Asclepias angustifolia Schweig.",-99.46,24,"gbif",1994-09-23,"1261042653"
"212","Asclepias angustifolia Schweig.",-99.475281,24.011111,"gbif",1994-09-23,"1895496402"
"213","Asclepias angustifolia Schweig.",-104.002969,20.371835,"gbif",1993-03-31,"1893617575"
"214","Asclepias angustifolia Schweig.",-103.993889,20.341667,"gbif",1993-03-31,"2629446923"
"215","Asclepias angustifolia Schweig.",-96.981389,18.538056,"gbif",1992-05-01,"1419235008"
"216","Asclepias angustifolia Schweig.",-108.2,28.3,"gbif",1992-06-04,"93823198"
"217","Asclepias angustifolia Schweig.",-108.2,28.3,"gbif",1992-06-04,"218941853"
"218","Asclepias angustifolia Schweig.",-108.2,28.3,"gbif",1992-06-04,"1258424877"
"219","Asclepias angustifolia Schweig.",-108.208,28.308,"gbif",1992-06-04,"3308469938"
"220","Asclepias angustifolia Schweig.",-111.0881,31.4285,"gbif",1991-05-25,"1846488919"
"221","Asclepias angustifolia Schweig.",-111.195,31.423,"gbif",1991-05-25,"2270616810"
"222","Asclepias angustifolia Schweig.",-99.212,21.644,"gbif",1991-08-09,"93824257"
"223","Asclepias angustifolia Schweig.",-99.2125,21.644167,"gbif",1991-08-09,"218941925"
"224","Asclepias angustifolia Schweig.",-104.73,20.42,"gbif",1991-08-18,"1261880203"
"225","Asclepias angustifolia Schweig.",-99.533333,21.133333,"gbif",1991-08-09,"1893617625"
"226","Asclepias angustifolia Schweig.",-104.75,20.416667,"gbif",1991-08-18,"1895496386"
"227","Asclepias angustifolia Schweig.",-99.179722,21.600556,"gbif",1991-08-07,"1895939292"
"228","Asclepias angustifolia Schweig.",-99.2125,21.644167,"gbif",1991-08-09,"1895939342"
"229","Asclepias angustifolia Schweig.",-99.121111,21.627583,"gbif",1991-08-09,"2629416515"
"230","Asclepias angustifolia Schweig.",-99.180478,21.606218,"gbif",1991-08-07,"2629427058"
"231","Asclepias angustifolia Schweig.",-104.75,20.41667,"gbif",1991-08-18,"2807197009"
"232","Asclepias angustifolia Schweig.",-104.75,20.41667,"gbif",1991-08-18,"2807627506"
"233","Asclepias angustifolia Schweig.",-99.2125,21.64417,"gbif",1991-08-09,"3307949579"
"234","Asclepias angustifolia Schweig.",-103.807778,19.771945,"gbif",1991-09-28,"1261881322"
"235","Asclepias angustifolia Schweig.",-99.841667,24.741667,"gbif",1991-09-06,"1895496356"
"236","Asclepias angustifolia Schweig.",-99.194,21.479,"gbif",1990-05-11,"93824253"
"237","Asclepias angustifolia Schweig.",-99.193889,21.479167,"gbif",1990-05-11,"218941915"
"238","Asclepias angustifolia Schweig.",-99.2,21.47,"gbif",1990-05-11,"1261127856"
"239","Asclepias angustifolia Schweig.",-99.229167,21.583333,"gbif",1990-05-03,"1895939235"
"240","Asclepias angustifolia Schweig.",-99.15,21.600556,"gbif",1990-05-03,"2629415995"
"241","Asclepias angustifolia Schweig.",-99.170186,21.47,"gbif",1990-05-11,"2629431046"
"242","Asclepias angustifolia Schweig.",-99.19389,21.47917,"gbif",1990-05-11,"3308563197"
"243","Asclepias angustifolia Schweig.",-102.782,24.847,"gbif",1990-07-13,"93823902"
"244","Asclepias angustifolia Schweig.",-102.021,19.991,"gbif",1990-07-06,"93824208"
"245","Asclepias angustifolia Schweig.",-102.021111,19.990833,"gbif",1990-07-06,"218941868"
"246","Asclepias angustifolia Schweig.",-102.036667,20.000833,"gbif",1990-07-06,"1419199656"
"247","Asclepias angustifolia Schweig.",-102.013333,19.995,"gbif",1990-07-06,"1893617609"
"248","Asclepias angustifolia Schweig.",-102.013333,19.995,"gbif",1990-07-06,"2629680115"
"249","Asclepias angustifolia Schweig.",-102.02111,19.99083,"gbif",1990-07-06,"3308503331"
"250","Asclepias angustifolia Schweig.",-98.983,20.067,"gbif",1990-08-13,"93823300"
"251","Asclepias angustifolia Schweig.",-105.517,20.783,"gbif",1990-08-10,"93824209"
"252","Asclepias angustifolia Schweig.",-98.983333,20.066667,"gbif",1990-08-13,"218941816"
"253","Asclepias angustifolia Schweig.",-105.516667,20.783333,"gbif",1990-08-10,"218941866"
"254","Asclepias angustifolia Schweig.",-105.516667,20.783333,"gbif",1990-08-10,"2629622881"
"255","Asclepias angustifolia Schweig.",-105.51667,20.78333,"gbif",1990-08-10,"3307857960"
"256","Asclepias angustifolia Schweig.",-98.99167,20.067,"gbif",1990-08-13,"3308364547"
"257","Asclepias angustifolia Schweig.",-99.178,21.152,"gbif",1989-07-17,"93823156"
"258","Asclepias angustifolia Schweig.",-99.1775,21.151667,"gbif",1989-07-17,"218941916"
"259","Asclepias angustifolia Schweig.",-99.17,21.16,"gbif",1989-07-17,"1259099733"
"260","Asclepias angustifolia Schweig.",-99.190833,21.151111,"gbif",1989-07-07,"1893617568"
"261","Asclepias angustifolia Schweig.",-99.316667,21.166667,"gbif",1989-07-07,"2629665883"
"262","Asclepias angustifolia Schweig.",-99.1775,21.15167,"gbif",1989-07-17,"3308516096"
"263","Asclepias angustifolia Schweig.",-99.113333,21.195,"gbif",1989-09-25,"1893617591"
"264","Asclepias angustifolia Schweig.",-99.11939,21.18574,"gbif",1989-09-25,"2629428362"
"265","Asclepias angustifolia Schweig.",-104.833,22.3,"gbif",1989-10-21,"93824214"
"266","Asclepias angustifolia Schweig.",-104.833333,22.3,"gbif",1989-10-21,"218941823"
"267","Asclepias angustifolia Schweig.",-104.833,22.3,"gbif",1989-10-21,"3307789684"
"268","Asclepias angustifolia Schweig.",-97.85,17.283,"gbif",1988-02-18,"93824238"
"269","Asclepias angustifolia Schweig.",-97.85,17.283333,"gbif",1988-02-18,"218941806"
"270","Asclepias angustifolia Schweig.",-97.85,17.283333,"gbif",1988-02-18,"219010685"
"271","Asclepias angustifolia Schweig.",-97.881111,17.346389,"gbif",1988-02-18,"1893617635"
"272","Asclepias angustifolia Schweig.",-97.85,17.28333,"gbif",1988-02-18,"3308405580"
"273","Asclepias angustifolia Schweig.",-104.251111,22.189167,"gbif",1988-04-09,"1895939335"
"274","Asclepias angustifolia Schweig.",-103.355833,19.804167,"gbif",1988-06-14,"1261130710"
"275","Asclepias angustifolia Schweig.",-99.215278,21.641667,"gbif",1988-06-23,"1895939328"
"276","Asclepias angustifolia Schweig.",-99.202,21.481,"gbif",1988-07-20,"93823631"
"277","Asclepias angustifolia Schweig.",-99.201944,21.481389,"gbif",1988-07-20,"218941881"
"278","Asclepias angustifolia Schweig.",-108.5,28.5,"gbif",1988-07-25,"1261130646"
"279","Asclepias angustifolia Schweig.",-99.473333,21.221667,"gbif",1988-07-20,"1893617638"
"280","Asclepias angustifolia Schweig.",-110.408,31.4889,"gbif",1988-07-31,"2270617122"
"281","Asclepias angustifolia Schweig.",-110.35083,31.52639,"gbif",1988-07-31,"2422290202"
"282","Asclepias angustifolia Schweig.",-99.170186,21.47,"gbif",1988-07-20,"2629417092"
"283","Asclepias angustifolia Schweig.",-99.276111,21.413333,"gbif",1988-07-20,"2629487869"
"284","Asclepias angustifolia Schweig.",-99.20194,21.48139,"gbif",1988-07-20,"3308474905"
"285","Asclepias angustifolia Schweig.",-108.481,28.495,"gbif",1988-08-18,"93823152"
"286","Asclepias angustifolia Schweig.",-108.5,28.5,"gbif",1988-08-06,"93823912"
"287","Asclepias angustifolia Schweig.",-97.85,17.367,"gbif",1988-08-26,"93824234"
"288","Asclepias angustifolia Schweig.",-97.85,17.366667,"gbif",1988-08-26,"218941795"
"289","Asclepias angustifolia Schweig.",-108.480556,28.495278,"gbif",1988-08-06,"218941828"
"290","Asclepias angustifolia Schweig.",-108.5,28.5,"gbif",1988-08-06,"1261130661"
"291","Asclepias angustifolia Schweig.",-97.881111,17.346389,"gbif",1988-08-26,"1893617605"
"292","Asclepias angustifolia Schweig.",-97.85,17.36667,"gbif",1988-08-26,"3307757901"
"293","Asclepias angustifolia Schweig.",-108.5,28.5,"gbif",1988-08-06,"3308385828"
"294","Asclepias angustifolia Schweig.",-108.5,28.5,"gbif",1987-05-15,"1261130657"
"295","Asclepias angustifolia Schweig.",-108.678,28.242,"gbif",1987-08-14,"93823166"
"296","Asclepias angustifolia Schweig.",-108.677778,28.241667,"gbif",1987-08-14,"218941870"
"297","Asclepias angustifolia Schweig.",-108.67,28.24,"gbif",1987-08-14,"1258424868"
"298","Asclepias angustifolia Schweig.",-108.677778,28.241667,"gbif",1987-08-14,"1895496361"
"299","Asclepias angustifolia Schweig.",-108.67778,28.24167,"gbif",1987-08-14,"2807278816"
"300","Asclepias angustifolia Schweig.",-108.67778,28.24167,"gbif",1987-08-14,"3308453714"
"301","Asclepias angustifolia Sessé & Moc.",-111.189211,31.426323,"gbif",1987-09-07,"1928827017"
"302","Asclepias angustifolia Schweig.",-108.208333,28.183333,"gbif",1986-04-26,"218941799"
"303","Asclepias angustifolia Schweig.",-108.216667,28.166667,"gbif",1986-04-27,"1895496289"
"304","Asclepias angustifolia Schweig.",-108.20833,28.18333,"gbif",1986-04-26,"3307776146"
"305","Asclepias angustifolia Schweig.",-99.190833,21.151111,"gbif",1986-06-09,"1893617620"
"306","Asclepias angustifolia Schweig.",-99.211944,21.199722,"gbif",1986-06-09,"1895939202"
"307","Asclepias angustifolia Schweig.",-101.528889,21.33,"gbif",1986-06-29,"1895939343"
"308","Asclepias angustifolia Schweig.",-101.528889,21.33,"gbif",1986-06-29,"1895939369"
"309","Asclepias angustifolia Schweig.",-110.35806,31.46667,"gbif",1986-07-20,"2422287316"
"310","Asclepias angustifolia Schweig.",-104.275,23.425,"gbif",1986-08-13,"1894530201"
"311","Asclepias angustifolia Schweig.",-104.2525,23.449444,"gbif",1986-08-13,"1895680891"
"312","Asclepias angustifolia Schweig.",-101.656,21.862,"gbif",1986-11-16,"93824025"
"313","Asclepias angustifolia Schweig.",-101.655833,21.861667,"gbif",1986-11-16,"218941867"
"314","Asclepias angustifolia Schweig.",-101.820556,21.791111,"gbif",1986-11-18,"1895939326"
"315","Asclepias angustifolia Schweig.",-101.65583,21.86167,"gbif",1986-11-16,"3307860079"
"316","Asclepias angustifolia Schweig.",-104.284167,19.586111,"gbif",1985-01-04,"1893970158"
"317","Asclepias angustifolia Schweig.",-104.225,19.591667,"gbif",1985-01-04,"1895939315"
"318","Asclepias angustifolia Schweig.",-104.55,20.383333,"gbif",1985-02-08,"1895496376"
"319","Asclepias angustifolia Schweig.",-100.195,20.414,"gbif",1985-05-26,"93824250"
"320","Asclepias angustifolia Schweig.",-100.195,20.414444,"gbif",1985-05-26,"218941874"
"321","Asclepias angustifolia Schweig.",-100.391667,20.591667,"gbif",1985-05-26,"1893617598"
"322","Asclepias angustifolia Schweig.",-99.329167,21.398333,"gbif",1985-05-30,"1893617642"
"323","Asclepias angustifolia Schweig.",-100.195,20.41444,"gbif",1985-05-26,"3308526988"
"324","Asclepias angustifolia Schweig.",-99.214061,21.283222,"gbif",1985-06-30,"1895496417"
"325","Asclepias angustifolia Schweig.",-99.329167,21.398333,"gbif",1985-06-20,"1895939323"
"326","Asclepias angustifolia Schweig.",-104.458333,22.975,"gbif",1985-07-15,"1894530210"
"327","Asclepias angustifolia Schweig.",-104.55,20.38333,"gbif",1985-07-08,"2807626188"
"328","Asclepias angustifolia Schweig.",-104.55,20.383,"gbif",1985-07-08,"3307748290"
"329","Asclepias angustifolia Schweig.",-98.958333,24.525,"gbif",1985-08-20,"1894148838"
"330","Asclepias angustifolia Schweig.",-99.087,24.672,"gbif",1985-09-28,"93824230"
"331","Asclepias angustifolia Schweig.",-99.086667,24.672222,"gbif",1985-09-28,"218941886"
"332","Asclepias angustifolia Schweig.",-99.08667,24.67222,"gbif",1985-09-28,"3308485445"
"333","Asclepias angustifolia Schweig.",-111.19,31.4285,"gbif",1984-07-15,"2270617685"
"334","Asclepias angustifolia Schweig.",-105.634028,25.274892,"gbif",1982-06-25,"1895496315"
"335","Asclepias angustifolia Schweig.",-100.416667,25.333333,"gbif",1982-06-03,"1913939830"
"336","Asclepias angustifolia Schweig.",-111.19389,31.42194,"gbif",1982-07-23,"2270231374"
"337","Asclepias angustifolia Schweig.",-111.19389,31.42194,"gbif",1982-07-23,"2422274743"
"338","Asclepias angustifolia Schweig.",-104.60556,24.07222,"gbif",1982-07-07,"3307755728"
"339","Asclepias angustifolia Schweig.",-104.241667,19.5875,"gbif",1982-10-11,"1893970138"
"340","Asclepias angustifolia Schweig.",-104.233333,19.5875,"gbif",1982-10-11,"1895939293"
"341","Asclepias angustifolia Schweig.",-104.233,19.5875,"gbif",1982-10-11,"3308089808"
"342","Asclepias angustifolia Schweig.",-99.643,18.622,"gbif",1982-12-05,"93823233"
"343","Asclepias angustifolia Schweig.",-99.642778,18.6225,"gbif",1982-12-05,"218941772"
"344","Asclepias angustifolia Schweig.",-99.648611,18.629722,"gbif",1982-12-05,"1261130705"
"345","Asclepias angustifolia Schweig.",-99.64278,18.6225,"gbif",1982-12-05,"3307733491"
"346","Asclepias angustifolia Schweig.",-103.768,19.874,"gbif",1981-03-04,"93824014"
"347","Asclepias angustifolia Schweig.",-103.767778,19.873611,"gbif",1981-03-04,"218941663"
"348","Asclepias angustifolia Schweig.",-103.758333,19.959444,"gbif",1981-03-23,"1895939252"
"349","Asclepias angustifolia Schweig.",-103.767778,19.873611,"gbif",1981-03-04,"1895939254"
"350","Asclepias angustifolia Schweig.",-104.241667,19.558333,"gbif",1981-09-11,"1893970217"
"351","Asclepias angustifolia Schweig.",-99.827,20.098,"gbif",1980-04-05,"93824199"
"352","Asclepias angustifolia Schweig.",-99.826944,20.098333,"gbif",1980-04-05,"218941764"
"353","Asclepias angustifolia Schweig.",-99.82694,20.09833,"gbif",1980-04-05,"3307697834"
"354","Asclepias angustifolia Schweig.",-94.964,16.52,"gbif",1980-07-20,"93824235"
"355","Asclepias angustifolia Schweig.",-94.964444,16.519722,"gbif",1980-07-20,"218941748"
"356","Asclepias angustifolia Schweig.",-94.96444,16.51972,"gbif",1980-07-20,"3308304957"
"357","Asclepias angustifolia Schweig.",-100.442636132541,19.8933731572957,"gbif",1979-03-30,"1895496321"
"358","Asclepias angustifolia Schweig.",-100.15,21.183,"gbif",1979-04-12,"93824243"
"359","Asclepias angustifolia Schweig.",-100.15,20.183333,"gbif",1979-04-12,"218941746"
"360","Asclepias angustifolia Schweig.",-103.058333,20.138889,"gbif",1978-03-24,"1895939214"
"361","Asclepias angustifolia Schweig.",-96.733333,19.4,"gbif",1978-04-23,"1895939347"
"362","Asclepias angustifolia Schweig.",-96.733333,19.4,"gbif",1978-04-23,"2629705294"
"363","Asclepias angustifolia Schweig.",-100.355556,25.613333,"gbif",1978-06-11,"1894422054"
"364","Asclepias angustifolia Schweig.",-100.356267867883,25.613676835575,"gbif",1978-06-11,"1895496334"
"365","Asclepias angustifolia Schweig.",-100.15,21.183,"gbif",1978-07-23,"93824240"
"366","Asclepias angustifolia Schweig.",-100.15,20.183333,"gbif",1978-07-23,"218941739"
"367","Asclepias angustifolia Schweig.",-103.213889,20.686111,"gbif",1978-11-20,"1895939258"
"368","Asclepias angustifolia Schweig.",-96.71,18.96,"gbif",1977-01-21,"1259101218"
"369","Asclepias angustifolia Schweig.",-96.626667,18.978333,"gbif",1977-01-21,"1895939338"
"370","Asclepias angustifolia Schweig.",-96.681667,18.9875,"gbif",1977-01-21,"2629702217"
"371","Asclepias angustifolia Schweig.",-96.681667,18.9875,"gbif",1977-01-21,"2629729503"
"372","Asclepias angustifolia Schweig.",-100.503889,19.636667,"gbif",1977-05-24,"1895939197"
"373","Asclepias angustifolia Schweig.",-102.284167,20.705,"gbif",1977-11-15,"1261130740"
"374","Asclepias angustifolia Schweig.",-110.566667,32.133333,"gbif",1976-05-09,"1889153094"
"375","Asclepias angustifolia Schweig.",-110.567,32.133,"gbif",1976-05-09,"3308323578"
"376","Asclepias angustifolia Schweig.",-109.083333,28.283333,"gbif",1976-06-04,"218941734"
"377","Asclepias angustifolia Schweig.",-108.208333,28.183333,"gbif",1976-06-10,"218941740"
"378","Asclepias angustifolia Schweig.",-108.25,28.133333,"gbif",1976-06-10,"2270479845"
"379","Asclepias angustifolia Schweig.",-109.051904175796,28.3723093362417,"gbif",1976-06-04,"2630603714"
"380","Asclepias angustifolia Schweig.",-108.20833,28.18333,"gbif",1976-06-10,"3307680073"
"381","Asclepias angustifolia Schweig.",-109.08333,28.28333,"gbif",1976-06-04,"3308251657"
"382","Asclepias angustifolia Schweig.",-109.083,28.283,"gbif",1976-07-04,"93824263"
"383","Asclepias angustifolia Schweig.",-100.467,18.867,"gbif",1975-01-15,"93824195"
"384","Asclepias angustifolia Schweig.",-100.466667,18.866667,"gbif",1975-01-15,"218941811"
"385","Asclepias angustifolia Schweig.",-100.45013263305,18.8637014093542,"gbif",1975-01-15,"1895496371"
"386","Asclepias angustifolia Schweig.",-100.46667,18.86667,"gbif",1975-01-15,"3308356292"
"387","Asclepias angustifolia Schweig.",-100.46667,18.86667,"gbif",1975-01-15,"3308407002"
"388","Asclepias angustifolia Schweig.",-100.46667,18.86667,"gbif",1975-01-15,"3308482107"
"389","Asclepias angustifolia Schweig.",-103.218889,19.677778,"gbif",1975-03-12,"1895939305"
"390","Asclepias angustifolia Schweig.",-100.456,20.408,"gbif",1975-06-28,"93824247"
"391","Asclepias angustifolia Schweig.",-100.455556,20.4075,"gbif",1975-06-28,"218941706"
"392","Asclepias angustifolia Schweig.",-100.391667,20.591667,"gbif",1975-06-28,"1893399384"
"393","Asclepias angustifolia Schweig.",-100.455561,20.4075,"gbif",1975-06-28,"1895496396"
"394","Asclepias angustifolia Schweig.",-100.45556,20.4075,"gbif",1975-06-28,"3308264004"
"395","Asclepias angustifolia Schweig.",-98.354,23.169,"gbif",1974-05-29,"93824274"
"396","Asclepias angustifolia Schweig.",-98.353611,23.168611,"gbif",1974-05-29,"218941904"
"397","Asclepias angustifolia Schweig.",-98.35194,23.16861,"gbif",1974-05-29,"3307916177"
"398","Asclepias angustifolia Schweig.",-104.815833,20.521111,"gbif",1973-12-30,"1895939350"
"399","Asclepias angustifolia Schweig.",-104.954444,20.362778,"gbif",1971-05-23,"1895939260"
"400","Asclepias angustifolia Schweig.",-100.244767995984,25.5757727339557,"gbif",1971-07-24,"1895496393"
"401","Asclepias angustifolia Schweig.",-102.862302,18.767436,"gbif",1970-02-25,"1895496381"
"402","Asclepias angustifolia Schweig.",-96.15,19.18,"gbif",1970-03-24,"1259101207"
"403","Asclepias angustifolia Schweig.",-96.15,19.183333,"gbif",1970-03-24,"2629695335"
"404","Asclepias angustifolia Schweig.",-97.017222,20.416667,"gbif",1970-06-21,"2629700411"
"405","Asclepias angustifolia Schweig.",-97.017222,20.416667,"gbif",1970-06-21,"2629701510"
"406","Asclepias angustifolia Schweig.",-104.698,22.23,"gbif",1970-07-29,"93824213"
"407","Asclepias angustifolia Schweig.",-104.697778,22.229722,"gbif",1970-07-29,"218941720"
"408","Asclepias angustifolia Schweig.",-100.874167,20.139444,"gbif",1970-08-30,"1895939291"
"409","Asclepias angustifolia Schweig.",-98.243,23.632,"gbif",1969-03-01,"93824272"
"410","Asclepias angustifolia Schweig.",-98.24278,23.63194,"gbif",1969-03-01,"3307699833"
"411","Asclepias angustifolia Schweig.",-103.225,20.691,"gbif",1969-05-16,"93823954"
"412","Asclepias angustifolia Schweig.",-103.224722,20.691111,"gbif",1969-05-16,"218941787"
"413","Asclepias angustifolia Schweig.",-96.5,17,"gbif",1968-02-17,"2612113880"
"414","Asclepias angustifolia Schweig.",-111.19583,31.41722,"gbif",1968-05-17,"2422274725"
"415","Asclepias angustifolia Schweig.",-99.348,21.907,"gbif",1968-08-06,"93824255"
"416","Asclepias angustifolia Schweig.",-99.348056,21.907222,"gbif",1968-08-06,"218941861"
"417","Asclepias angustifolia Schweig.",-99.34806,21.90722,"gbif",1968-08-06,"3308492649"
"418","Asclepias angustifolia Schweig.",-99.511669,21.951389,"gbif",1967-09-12,"1895496305"
"419","Asclepias angustifolia Schweig.",-99.505556,21.948333,"gbif",1967-09-15,"1895939324"
"420","Asclepias angustifolia Schweig.",-100.5,22.5,"gbif",1967-09-12,"2612129895"
"421","Asclepias angustifolia Schweig.",-94.176935,17.372881,"gbif",1967-09-12,"3340043557"
"422","Asclepias angustifolia Schweig.",-103.225,20.691,"gbif",1966-03-06,"93823370"
"423","Asclepias angustifolia Schweig.",-103.224722,20.691111,"gbif",1966-03-06,"218941839"
"424","Asclepias angustifolia Schweig.",-103.224722,20.691111,"gbif",1966-03-06,"1895939271"
"425","Asclepias angustifolia Schweig.",-103.22472,20.69111,"gbif",1966-03-06,"3308406514"
"426","Asclepias angustifolia Schweig.",-99.167,19.317,"gbif",1966-04-14,"93823921"
"427","Asclepias angustifolia Schweig.",-99.166667,19.316667,"gbif",1966-04-14,"218941673"
"428","Asclepias angustifolia Schweig.",-99.208333,19.325,"gbif",1966-04-14,"1893399392"
"429","Asclepias angustifolia Schweig.",-99.07333,19.17528,"gbif",1966-04-14,"1895496338"
"430","Asclepias angustifolia Schweig.",-99.16667,19.31667,"gbif",1966-04-14,"3308186227"
"431","Asclepias angustifolia Schweig.",-104.739,23.0943,"gbif",1966-06-01,"1503169001"
"432","Asclepias angustifolia Schweig.",-96.261617,18.354923,"gbif",1966-11-22,"2629707207"
"433","Asclepias angustifolia Schweig.",-92.47,16.89,"gbif",1964-07-13,"1258396927"
"434","Asclepias angustifolia Schweig.",-100.185833,25.493056,"gbif",1964-07-24,"1895939370"
"435","Asclepias angustifolia Schweig.",-84.8978,12.8614,"gbif",1962-07-07,"2612123528"
"436","Asclepias angustifolia Schweig.",-100.304439,25.578611,"gbif",1961-10-01,"1895496295"
"437","Asclepias angustifolia Schweig.",-100.3225,25.600833,"gbif",1960-09-01,"1894422039"
"438","Asclepias angustifolia Schweig.",-100.322674996174,25.6007854657055,"gbif",1960-09-01,"1895496423"
